user_id,session_id,event_name,event_ts
u83,s1,session_start,2026-02-01T12:00:00
u83,s1,product_view,2026-02-01T12:00:00
u83,s1,purchase,2026-02-01T12:00:00
u129,s2,session_start,2026-02-01T12:00:00
u129,s2,product_view,2026-02-01T12:00:00
u88,s3,session_start,2026-02-01T12:00:00
u88,s3,product_view,2026-02-01T12:00:00
u88,s3,add_to_cart,2026-02-01T12:00:00
u88,s3,checkout_start,2026-02-01T12:00:00
u117,s4,session_start,2026-02-01T12:00:00
u117,s4,product_view,2026-02-01T12:00:00
u138,s5,session_start,2026-02-01T12:00:00
u138,s5,product_view,2026-02-01T12:00:00
u138,s5,add_to_cart,2026-02-01T12:00:00
u73,s6,session_start,2026-02-01T12:00:00
u73,s6,product_view,2026-02-01T12:00:00
u73,s6,add_to_cart,2026-02-01T12:00:00
u73,s6,purchase,2026-02-01T12:00:00
u35,s7,session_start,2026-02-01T12:00:00
u35,s7,product_view,2026-02-01T12:00:00
u35,s7,purchase,2026-02-01T12:00:00
u4,s8,session_start,2026-02-01T12:00:00
u4,s8,product_view,2026-02-01T12:00:00
u4,s8,add_to_cart,2026-02-01T12:00:00
u126,s9,session_start,2026-02-01T12:00:00
u126,s9,product_view,2026-02-01T12:00:00
u126,s9,checkout_start,2026-02-01T12:00:00
u16,s10,session_start,2026-02-01T12:00:00
u16,s10,product_view,2026-02-01T12:00:00
u46,s11,session_start,2026-02-01T12:00:00
u46,s11,checkout_start,2026-02-01T12:00:00
u46,s11,purchase,2026-02-01T12:00:00
u4,s12,session_start,2026-02-01T12:00:00
u4,s12,product_view,2026-02-01T12:00:00
u4,s12,checkout_start,2026-02-01T12:00:00
u4,s12,purchase,2026-02-01T12:00:00
u120,s13,session_start,2026-02-01T12:00:00
u120,s13,product_view,2026-02-01T12:00:00
u120,s13,add_to_cart,2026-02-01T12:00:00
u120,s13,checkout_start,2026-02-01T12:00:00
u9,s14,session_start,2026-02-01T12:00:00
u9,s14,product_view,2026-02-01T12:00:00
u56,s15,session_start,2026-02-01T12:00:00
u9,s16,session_start,2026-02-01T12:00:00
u9,s16,product_view,2026-02-01T12:00:00
u112,s17,session_start,2026-02-01T12:00:00
u11,s18,session_start,2026-02-01T12:00:00
u11,s18,product_view,2026-02-01T12:00:00
u11,s18,add_to_cart,2026-02-01T12:00:00
u11,s18,checkout_start,2026-02-01T12:00:00
u46,s19,session_start,2026-02-01T12:00:00
u46,s19,product_view,2026-02-01T12:00:00
u109,s20,session_start,2026-02-01T12:00:00
u109,s20,product_view,2026-02-01T12:00:00
u101,s21,session_start,2026-02-01T12:00:00
u101,s21,product_view,2026-02-01T12:00:00
u59,s22,session_start,2026-02-01T12:00:00
u59,s22,product_view,2026-02-01T12:00:00
u59,s22,checkout_start,2026-02-01T12:00:00
u110,s23,session_start,2026-02-01T12:00:00
u110,s23,product_view,2026-02-01T12:00:00
u110,s23,add_to_cart,2026-02-01T12:00:00
u106,s24,session_start,2026-02-01T12:00:00
u106,s24,product_view,2026-02-01T12:00:00
u106,s24,add_to_cart,2026-02-01T12:00:00
u106,s25,session_start,2026-02-01T12:00:00
u106,s25,product_view,2026-02-01T12:00:00
u7,s26,session_start,2026-02-01T12:00:00
u7,s26,product_view,2026-02-01T12:00:00
u7,s26,add_to_cart,2026-02-01T12:00:00
u10,s27,session_start,2026-02-01T12:00:00
u10,s27,add_to_cart,2026-02-01T12:00:00
u145,s28,session_start,2026-02-01T12:00:00
u145,s28,product_view,2026-02-01T12:00:00
u145,s28,add_to_cart,2026-02-01T12:00:00
u43,s29,session_start,2026-02-01T12:00:00
u43,s29,product_view,2026-02-01T12:00:00
u43,s29,add_to_cart,2026-02-01T12:00:00
u87,s30,session_start,2026-02-01T12:00:00
u87,s30,product_view,2026-02-01T12:00:00
u87,s30,add_to_cart,2026-02-01T12:00:00
u127,s31,session_start,2026-02-01T12:00:00
u127,s31,product_view,2026-02-01T12:00:00
u127,s31,add_to_cart,2026-02-01T12:00:00
u141,s32,session_start,2026-02-01T12:00:00
u141,s32,product_view,2026-02-01T12:00:00
u141,s32,purchase,2026-02-01T12:00:00
u40,s33,session_start,2026-02-01T12:00:00
u40,s33,product_view,2026-02-01T12:00:00
u25,s34,session_start,2026-02-01T12:00:00
u25,s34,add_to_cart,2026-02-01T12:00:00
u103,s35,session_start,2026-02-01T12:00:00
u103,s35,product_view,2026-02-01T12:00:00
u33,s36,session_start,2026-02-01T12:00:00
u33,s36,product_view,2026-02-01T12:00:00
u33,s36,add_to_cart,2026-02-01T12:00:00
u33,s36,purchase,2026-02-01T12:00:00
u87,s37,session_start,2026-02-01T12:00:00
u87,s37,product_view,2026-02-01T12:00:00
u87,s37,add_to_cart,2026-02-01T12:00:00
u107,s38,session_start,2026-02-01T12:00:00
u107,s38,product_view,2026-02-01T12:00:00
u107,s38,add_to_cart,2026-02-01T12:00:00
u107,s38,purchase,2026-02-01T12:00:00
u19,s39,session_start,2026-02-01T12:00:00
u19,s39,product_view,2026-02-01T12:00:00
u85,s40,session_start,2026-02-01T12:00:00
u85,s40,product_view,2026-02-01T12:00:00
u73,s41,session_start,2026-02-01T12:00:00
u73,s41,product_view,2026-02-01T12:00:00
u73,s41,add_to_cart,2026-02-01T12:00:00
u40,s42,session_start,2026-02-01T12:00:00
u40,s42,product_view,2026-02-01T12:00:00
u40,s42,checkout_start,2026-02-01T12:00:00
u33,s43,session_start,2026-02-01T12:00:00
u33,s43,product_view,2026-02-01T12:00:00
u33,s43,purchase,2026-02-01T12:00:00
u134,s44,session_start,2026-02-01T12:00:00
u134,s44,checkout_start,2026-02-01T12:00:00
u125,s45,session_start,2026-02-01T12:00:00
u125,s45,product_view,2026-02-01T12:00:00
u150,s46,session_start,2026-02-01T12:00:00
u150,s46,product_view,2026-02-01T12:00:00
u150,s46,purchase,2026-02-01T12:00:00
u36,s47,session_start,2026-02-01T12:00:00
u36,s47,product_view,2026-02-01T12:00:00
u36,s47,checkout_start,2026-02-01T12:00:00
u18,s48,session_start,2026-02-01T12:00:00
u18,s48,product_view,2026-02-01T12:00:00
u18,s48,add_to_cart,2026-02-01T12:00:00
u18,s48,checkout_start,2026-02-01T12:00:00
u147,s49,session_start,2026-02-01T12:00:00
u147,s49,product_view,2026-02-01T12:00:00
u147,s49,add_to_cart,2026-02-01T12:00:00
u99,s50,session_start,2026-02-01T12:00:00
u99,s50,product_view,2026-02-01T12:00:00
u99,s50,checkout_start,2026-02-01T12:00:00
u133,s51,session_start,2026-02-01T12:00:00
u133,s51,product_view,2026-02-01T12:00:00
u133,s51,checkout_start,2026-02-01T12:00:00
u128,s52,session_start,2026-02-01T12:00:00
u128,s52,product_view,2026-02-01T12:00:00
u128,s52,add_to_cart,2026-02-01T12:00:00
u90,s53,session_start,2026-02-01T12:00:00
u90,s53,add_to_cart,2026-02-01T12:00:00
u19,s54,session_start,2026-02-01T12:00:00
u19,s54,product_view,2026-02-01T12:00:00
u19,s54,checkout_start,2026-02-01T12:00:00
u43,s55,session_start,2026-02-01T12:00:00
u43,s55,product_view,2026-02-01T12:00:00
u43,s55,add_to_cart,2026-02-01T12:00:00
u43,s55,checkout_start,2026-02-01T12:00:00
u44,s56,session_start,2026-02-01T12:00:00
u44,s56,product_view,2026-02-01T12:00:00
u44,s56,add_to_cart,2026-02-01T12:00:00
u74,s57,session_start,2026-02-01T12:00:00
u74,s57,product_view,2026-02-01T12:00:00
u4,s58,session_start,2026-02-01T12:00:00
u4,s58,product_view,2026-02-01T12:00:00
u28,s59,session_start,2026-02-01T12:00:00
u28,s59,product_view,2026-02-01T12:00:00
u28,s59,add_to_cart,2026-02-01T12:00:00
u28,s59,purchase,2026-02-01T12:00:00
u150,s60,session_start,2026-02-01T12:00:00
u150,s60,product_view,2026-02-01T12:00:00
u150,s60,add_to_cart,2026-02-01T12:00:00
u44,s61,session_start,2026-02-01T12:00:00
u44,s61,product_view,2026-02-01T12:00:00
u44,s61,purchase,2026-02-01T12:00:00
u138,s62,session_start,2026-02-01T12:00:00
u138,s62,product_view,2026-02-01T12:00:00
u138,s62,add_to_cart,2026-02-01T12:00:00
u138,s62,checkout_start,2026-02-01T12:00:00
u138,s62,purchase,2026-02-01T12:00:00
u78,s63,session_start,2026-02-01T12:00:00
u78,s63,product_view,2026-02-01T12:00:00
u115,s64,session_start,2026-02-01T12:00:00
u115,s64,product_view,2026-02-01T12:00:00
u115,s64,add_to_cart,2026-02-01T12:00:00
u86,s65,session_start,2026-02-01T12:00:00
u86,s65,product_view,2026-02-01T12:00:00
u127,s66,session_start,2026-02-01T12:00:00
u127,s66,product_view,2026-02-01T12:00:00
u127,s66,add_to_cart,2026-02-01T12:00:00
u127,s66,purchase,2026-02-01T12:00:00
u103,s67,session_start,2026-02-01T12:00:00
u103,s67,product_view,2026-02-01T12:00:00
u103,s67,add_to_cart,2026-02-01T12:00:00
u32,s68,session_start,2026-02-01T12:00:00
u32,s68,product_view,2026-02-01T12:00:00
u100,s69,session_start,2026-02-01T12:00:00
u100,s69,product_view,2026-02-01T12:00:00
u100,s69,add_to_cart,2026-02-01T12:00:00
u51,s70,session_start,2026-02-01T12:00:00
u51,s70,checkout_start,2026-02-01T12:00:00
u9,s71,session_start,2026-02-01T12:00:00
u9,s71,product_view,2026-02-01T12:00:00
u9,s71,checkout_start,2026-02-01T12:00:00
u80,s72,session_start,2026-02-01T12:00:00
u80,s72,product_view,2026-02-01T12:00:00
u80,s72,checkout_start,2026-02-01T12:00:00
u26,s73,session_start,2026-02-01T12:00:00
u26,s73,product_view,2026-02-01T12:00:00
u26,s73,checkout_start,2026-02-01T12:00:00
u121,s74,session_start,2026-02-01T12:00:00
u121,s74,product_view,2026-02-01T12:00:00
u121,s74,checkout_start,2026-02-01T12:00:00
u121,s74,purchase,2026-02-01T12:00:00
u71,s75,session_start,2026-02-01T12:00:00
u33,s76,session_start,2026-02-01T12:00:00
u33,s76,product_view,2026-02-01T12:00:00
u33,s76,add_to_cart,2026-02-01T12:00:00
u13,s77,session_start,2026-02-01T12:00:00
u13,s77,product_view,2026-02-01T12:00:00
u13,s77,add_to_cart,2026-02-01T12:00:00
u140,s78,session_start,2026-02-01T12:00:00
u140,s78,product_view,2026-02-01T12:00:00
u140,s78,add_to_cart,2026-02-01T12:00:00
u60,s79,session_start,2026-02-01T12:00:00
u60,s79,product_view,2026-02-01T12:00:00
u59,s80,session_start,2026-02-01T12:00:00
u59,s80,product_view,2026-02-01T12:00:00
u59,s80,purchase,2026-02-01T12:00:00
u73,s81,session_start,2026-02-01T12:00:00
u73,s81,product_view,2026-02-01T12:00:00
u73,s81,add_to_cart,2026-02-01T12:00:00
u73,s81,checkout_start,2026-02-01T12:00:00
u30,s82,session_start,2026-02-01T12:00:00
u30,s82,product_view,2026-02-01T12:00:00
u30,s82,add_to_cart,2026-02-01T12:00:00
u90,s83,session_start,2026-02-01T12:00:00
u90,s83,product_view,2026-02-01T12:00:00
u90,s83,add_to_cart,2026-02-01T12:00:00
u6,s84,session_start,2026-02-01T12:00:00
u6,s84,product_view,2026-02-01T12:00:00
u6,s84,checkout_start,2026-02-01T12:00:00
u6,s84,purchase,2026-02-01T12:00:00
u31,s85,session_start,2026-02-01T12:00:00
u31,s85,product_view,2026-02-01T12:00:00
u31,s85,checkout_start,2026-02-01T12:00:00
u31,s85,purchase,2026-02-01T12:00:00
u111,s86,session_start,2026-02-01T12:00:00
u107,s87,session_start,2026-02-01T12:00:00
u107,s87,add_to_cart,2026-02-01T12:00:00
u107,s87,checkout_start,2026-02-01T12:00:00
u77,s88,session_start,2026-02-01T12:00:00
u77,s88,product_view,2026-02-01T12:00:00
u77,s88,add_to_cart,2026-02-01T12:00:00
u72,s89,session_start,2026-02-01T12:00:00
u72,s89,product_view,2026-02-01T12:00:00
u72,s89,checkout_start,2026-02-01T12:00:00
u72,s89,purchase,2026-02-01T12:00:00
u77,s90,session_start,2026-02-01T12:00:00
u77,s90,product_view,2026-02-01T12:00:00
u77,s90,add_to_cart,2026-02-01T12:00:00
u108,s91,session_start,2026-02-01T12:00:00
u30,s92,session_start,2026-02-01T12:00:00
u30,s92,product_view,2026-02-01T12:00:00
u30,s92,purchase,2026-02-01T12:00:00
u29,s93,session_start,2026-02-01T12:00:00
u29,s93,product_view,2026-02-01T12:00:00
u29,s93,add_to_cart,2026-02-01T12:00:00
u142,s94,session_start,2026-02-01T12:00:00
u142,s94,product_view,2026-02-01T12:00:00
u142,s94,add_to_cart,2026-02-01T12:00:00
u142,s94,checkout_start,2026-02-01T12:00:00
u67,s95,session_start,2026-02-01T12:00:00
u67,s95,product_view,2026-02-01T12:00:00
u67,s95,checkout_start,2026-02-01T12:00:00
u9,s96,session_start,2026-02-01T12:00:00
u9,s96,product_view,2026-02-01T12:00:00
u40,s97,session_start,2026-02-01T12:00:00
u40,s97,product_view,2026-02-01T12:00:00
u59,s98,session_start,2026-02-01T12:00:00
u59,s98,product_view,2026-02-01T12:00:00
u59,s98,add_to_cart,2026-02-01T12:00:00
u59,s98,checkout_start,2026-02-01T12:00:00
u93,s99,session_start,2026-02-01T12:00:00
u93,s99,add_to_cart,2026-02-01T12:00:00
u88,s100,session_start,2026-02-01T12:00:00
u88,s100,product_view,2026-02-01T12:00:00
u8,s101,session_start,2026-02-01T12:00:00
u8,s101,product_view,2026-02-01T12:00:00
u8,s101,add_to_cart,2026-02-01T12:00:00
u8,s101,purchase,2026-02-01T12:00:00
u74,s102,session_start,2026-02-01T12:00:00
u74,s102,product_view,2026-02-01T12:00:00
u71,s103,session_start,2026-02-01T12:00:00
u71,s103,product_view,2026-02-01T12:00:00
u71,s103,checkout_start,2026-02-01T12:00:00
u63,s104,session_start,2026-02-01T12:00:00
u63,s104,product_view,2026-02-01T12:00:00
u15,s105,session_start,2026-02-01T12:00:00
u15,s105,product_view,2026-02-01T12:00:00
u40,s106,session_start,2026-02-01T12:00:00
u40,s106,product_view,2026-02-01T12:00:00
u40,s106,add_to_cart,2026-02-01T12:00:00
u6,s107,session_start,2026-02-01T12:00:00
u6,s107,product_view,2026-02-01T12:00:00
u6,s107,add_to_cart,2026-02-01T12:00:00
u100,s108,session_start,2026-02-01T12:00:00
u100,s108,product_view,2026-02-01T12:00:00
u91,s109,session_start,2026-02-01T12:00:00
u91,s109,product_view,2026-02-01T12:00:00
u91,s109,purchase,2026-02-01T12:00:00
u96,s110,session_start,2026-02-01T12:00:00
u99,s111,session_start,2026-02-01T12:00:00
u99,s111,product_view,2026-02-01T12:00:00
u99,s111,add_to_cart,2026-02-01T12:00:00
u105,s112,session_start,2026-02-01T12:00:00
u105,s112,add_to_cart,2026-02-01T12:00:00
u70,s113,session_start,2026-02-01T12:00:00
u70,s113,product_view,2026-02-01T12:00:00
u70,s113,checkout_start,2026-02-01T12:00:00
u8,s114,session_start,2026-02-01T12:00:00
u94,s115,session_start,2026-02-01T12:00:00
u103,s116,session_start,2026-02-01T12:00:00
u103,s116,product_view,2026-02-01T12:00:00
u103,s116,add_to_cart,2026-02-01T12:00:00
u103,s116,checkout_start,2026-02-01T12:00:00
u111,s117,session_start,2026-02-01T12:00:00
u111,s117,product_view,2026-02-01T12:00:00
u111,s117,add_to_cart,2026-02-01T12:00:00
u95,s118,session_start,2026-02-01T12:00:00
u95,s118,product_view,2026-02-01T12:00:00
u95,s118,add_to_cart,2026-02-01T12:00:00
u55,s119,session_start,2026-02-01T12:00:00
u55,s119,product_view,2026-02-01T12:00:00
u55,s119,add_to_cart,2026-02-01T12:00:00
u2,s120,session_start,2026-02-01T12:00:00
u2,s120,product_view,2026-02-01T12:00:00
u2,s120,add_to_cart,2026-02-01T12:00:00
u124,s121,session_start,2026-02-01T12:00:00
u124,s121,product_view,2026-02-01T12:00:00
u83,s122,session_start,2026-02-01T12:00:00
u83,s122,product_view,2026-02-01T12:00:00
u85,s123,session_start,2026-02-01T12:00:00
u85,s123,checkout_start,2026-02-01T12:00:00
u119,s124,session_start,2026-02-01T12:00:00
u119,s124,product_view,2026-02-01T12:00:00
u119,s124,checkout_start,2026-02-01T12:00:00
u123,s125,session_start,2026-02-01T12:00:00
u123,s125,product_view,2026-02-01T12:00:00
u129,s126,session_start,2026-02-01T12:00:00
u16,s127,session_start,2026-02-01T12:00:00
u16,s127,product_view,2026-02-01T12:00:00
u148,s128,session_start,2026-02-01T12:00:00
u148,s128,checkout_start,2026-02-01T12:00:00
u25,s129,session_start,2026-02-01T12:00:00
u25,s129,product_view,2026-02-01T12:00:00
u25,s129,add_to_cart,2026-02-01T12:00:00
u85,s130,session_start,2026-02-01T12:00:00
u85,s130,product_view,2026-02-01T12:00:00
u85,s130,checkout_start,2026-02-01T12:00:00
u101,s131,session_start,2026-02-01T12:00:00
u133,s132,session_start,2026-02-01T12:00:00
u133,s132,product_view,2026-02-01T12:00:00
u52,s133,session_start,2026-02-01T12:00:00
u52,s133,product_view,2026-02-01T12:00:00
u100,s134,session_start,2026-02-01T12:00:00
u100,s134,product_view,2026-02-01T12:00:00
u100,s134,add_to_cart,2026-02-01T12:00:00
u138,s135,session_start,2026-02-01T12:00:00
u138,s135,product_view,2026-02-01T12:00:00
u138,s135,add_to_cart,2026-02-01T12:00:00
u94,s136,session_start,2026-02-01T12:00:00
u94,s136,checkout_start,2026-02-01T12:00:00
u94,s136,purchase,2026-02-01T12:00:00
u24,s137,session_start,2026-02-01T12:00:00
u24,s137,product_view,2026-02-01T12:00:00
u24,s137,checkout_start,2026-02-01T12:00:00
u12,s138,session_start,2026-02-01T12:00:00
u12,s138,product_view,2026-02-01T12:00:00
u12,s138,add_to_cart,2026-02-01T12:00:00
u12,s138,purchase,2026-02-01T12:00:00
u76,s139,session_start,2026-02-01T12:00:00
u76,s139,product_view,2026-02-01T12:00:00
u76,s139,checkout_start,2026-02-01T12:00:00
u92,s140,session_start,2026-02-01T12:00:00
u92,s140,product_view,2026-02-01T12:00:00
u92,s140,add_to_cart,2026-02-01T12:00:00
u74,s141,session_start,2026-02-01T12:00:00
u74,s141,checkout_start,2026-02-01T12:00:00
u131,s142,session_start,2026-02-01T12:00:00
u131,s142,product_view,2026-02-01T12:00:00
u131,s142,add_to_cart,2026-02-01T12:00:00
u101,s143,session_start,2026-02-01T12:00:00
u101,s143,product_view,2026-02-01T12:00:00
u101,s143,add_to_cart,2026-02-01T12:00:00
u24,s144,session_start,2026-02-01T12:00:00
u24,s144,product_view,2026-02-01T12:00:00
u113,s145,session_start,2026-02-01T12:00:00
u113,s145,product_view,2026-02-01T12:00:00
u77,s146,session_start,2026-02-01T12:00:00
u77,s146,product_view,2026-02-01T12:00:00
u99,s147,session_start,2026-02-01T12:00:00
u99,s147,product_view,2026-02-01T12:00:00
u99,s147,checkout_start,2026-02-01T12:00:00
u99,s147,purchase,2026-02-01T12:00:00
u66,s148,session_start,2026-02-01T12:00:00
u66,s148,product_view,2026-02-01T12:00:00
u66,s148,checkout_start,2026-02-01T12:00:00
u34,s149,session_start,2026-02-01T12:00:00
u34,s149,product_view,2026-02-01T12:00:00
u34,s149,add_to_cart,2026-02-01T12:00:00
u34,s149,checkout_start,2026-02-01T12:00:00
u52,s150,session_start,2026-02-01T12:00:00
u52,s150,product_view,2026-02-01T12:00:00
u37,s151,session_start,2026-02-01T12:00:00
u37,s151,product_view,2026-02-01T12:00:00
u37,s151,add_to_cart,2026-02-01T12:00:00
u145,s152,session_start,2026-02-01T12:00:00
u145,s152,product_view,2026-02-01T12:00:00
u39,s153,session_start,2026-02-01T12:00:00
u39,s153,product_view,2026-02-01T12:00:00
u39,s153,add_to_cart,2026-02-01T12:00:00
u39,s153,purchase,2026-02-01T12:00:00
u52,s154,session_start,2026-02-01T12:00:00
u47,s155,session_start,2026-02-01T12:00:00
u47,s155,product_view,2026-02-01T12:00:00
u47,s155,checkout_start,2026-02-01T12:00:00
u47,s155,purchase,2026-02-01T12:00:00
u138,s156,session_start,2026-02-01T12:00:00
u138,s156,product_view,2026-02-01T12:00:00
u138,s156,add_to_cart,2026-02-01T12:00:00
u104,s157,session_start,2026-02-01T12:00:00
u104,s157,add_to_cart,2026-02-01T12:00:00
u80,s158,session_start,2026-02-01T12:00:00
u96,s159,session_start,2026-02-01T12:00:00
u96,s159,product_view,2026-02-01T12:00:00
u96,s159,add_to_cart,2026-02-01T12:00:00
u96,s159,checkout_start,2026-02-01T12:00:00
u96,s159,purchase,2026-02-01T12:00:00
u134,s160,session_start,2026-02-01T12:00:00
u134,s160,add_to_cart,2026-02-01T12:00:00
u16,s161,session_start,2026-02-01T12:00:00
u96,s162,session_start,2026-02-01T12:00:00
u96,s162,product_view,2026-02-01T12:00:00
u96,s162,add_to_cart,2026-02-01T12:00:00
u64,s163,session_start,2026-02-01T12:00:00
u64,s163,product_view,2026-02-01T12:00:00
u64,s163,add_to_cart,2026-02-01T12:00:00
u64,s163,purchase,2026-02-01T12:00:00
u65,s164,session_start,2026-02-01T12:00:00
u65,s164,product_view,2026-02-01T12:00:00
u65,s164,checkout_start,2026-02-01T12:00:00
u65,s164,purchase,2026-02-01T12:00:00
u14,s165,session_start,2026-02-01T12:00:00
u14,s165,product_view,2026-02-01T12:00:00
u14,s165,checkout_start,2026-02-01T12:00:00
u79,s166,session_start,2026-02-01T12:00:00
u79,s166,add_to_cart,2026-02-01T12:00:00
u80,s167,session_start,2026-02-01T12:00:00
u80,s167,product_view,2026-02-01T12:00:00
u80,s167,checkout_start,2026-02-01T12:00:00
u73,s168,session_start,2026-02-01T12:00:00
u73,s168,add_to_cart,2026-02-01T12:00:00
u73,s168,checkout_start,2026-02-01T12:00:00
u67,s169,session_start,2026-02-01T12:00:00
u67,s169,product_view,2026-02-01T12:00:00
u67,s169,purchase,2026-02-01T12:00:00
u13,s170,session_start,2026-02-01T12:00:00
u13,s170,product_view,2026-02-01T12:00:00
u13,s170,add_to_cart,2026-02-01T12:00:00
u105,s171,session_start,2026-02-01T12:00:00
u105,s171,product_view,2026-02-01T12:00:00
u140,s172,session_start,2026-02-01T12:00:00
u140,s172,product_view,2026-02-01T12:00:00
u140,s173,session_start,2026-02-01T12:00:00
u140,s173,product_view,2026-02-01T12:00:00
u140,s173,checkout_start,2026-02-01T12:00:00
u133,s174,session_start,2026-02-01T12:00:00
u133,s174,product_view,2026-02-01T12:00:00
u133,s174,add_to_cart,2026-02-01T12:00:00
u3,s175,session_start,2026-02-01T12:00:00
u3,s175,product_view,2026-02-01T12:00:00
u64,s176,session_start,2026-02-01T12:00:00
u64,s176,product_view,2026-02-01T12:00:00
u64,s176,add_to_cart,2026-02-01T12:00:00
u96,s177,session_start,2026-02-01T12:00:00
u96,s177,product_view,2026-02-01T12:00:00
u96,s177,add_to_cart,2026-02-01T12:00:00
u59,s178,session_start,2026-02-01T12:00:00
u59,s178,product_view,2026-02-01T12:00:00
u59,s178,add_to_cart,2026-02-01T12:00:00
u106,s179,session_start,2026-02-01T12:00:00
u106,s179,product_view,2026-02-01T12:00:00
u106,s179,add_to_cart,2026-02-01T12:00:00
u106,s179,purchase,2026-02-01T12:00:00
u5,s180,session_start,2026-02-01T12:00:00
u5,s180,product_view,2026-02-01T12:00:00
u5,s180,add_to_cart,2026-02-01T12:00:00
u136,s181,session_start,2026-02-01T12:00:00
u136,s181,product_view,2026-02-01T12:00:00
u136,s181,add_to_cart,2026-02-01T12:00:00
u7,s182,session_start,2026-02-01T12:00:00
u7,s182,product_view,2026-02-01T12:00:00
u7,s182,add_to_cart,2026-02-01T12:00:00
u141,s183,session_start,2026-02-01T12:00:00
u45,s184,session_start,2026-02-01T12:00:00
u45,s184,product_view,2026-02-01T12:00:00
u45,s184,add_to_cart,2026-02-01T12:00:00
u132,s185,session_start,2026-02-01T12:00:00
u132,s185,product_view,2026-02-01T12:00:00
u132,s185,checkout_start,2026-02-01T12:00:00
u63,s186,session_start,2026-02-01T12:00:00
u63,s186,product_view,2026-02-01T12:00:00
u61,s187,session_start,2026-02-01T12:00:00
u61,s187,product_view,2026-02-01T12:00:00
u138,s188,session_start,2026-02-01T12:00:00
u138,s188,product_view,2026-02-01T12:00:00
u138,s188,purchase,2026-02-01T12:00:00
u127,s189,session_start,2026-02-01T12:00:00
u127,s189,product_view,2026-02-01T12:00:00
u127,s189,add_to_cart,2026-02-01T12:00:00
u55,s190,session_start,2026-02-01T12:00:00
u55,s190,product_view,2026-02-01T12:00:00
u55,s190,add_to_cart,2026-02-01T12:00:00
u55,s190,purchase,2026-02-01T12:00:00
u3,s191,session_start,2026-02-01T12:00:00
u3,s191,product_view,2026-02-01T12:00:00
u116,s192,session_start,2026-02-01T12:00:00
u116,s192,checkout_start,2026-02-01T12:00:00
u112,s193,session_start,2026-02-01T12:00:00
u112,s193,product_view,2026-02-01T12:00:00
u41,s194,session_start,2026-02-01T12:00:00
u41,s194,product_view,2026-02-01T12:00:00
u42,s195,session_start,2026-02-01T12:00:00
u42,s195,product_view,2026-02-01T12:00:00
u42,s195,add_to_cart,2026-02-01T12:00:00
u42,s195,purchase,2026-02-01T12:00:00
u12,s196,session_start,2026-02-01T12:00:00
u12,s196,product_view,2026-02-01T12:00:00
u12,s196,add_to_cart,2026-02-01T12:00:00
u12,s196,checkout_start,2026-02-01T12:00:00
u15,s197,session_start,2026-02-01T12:00:00
u15,s197,product_view,2026-02-01T12:00:00
u15,s197,add_to_cart,2026-02-01T12:00:00
u15,s197,purchase,2026-02-01T12:00:00
u71,s198,session_start,2026-02-01T12:00:00
u71,s198,product_view,2026-02-01T12:00:00
u71,s198,checkout_start,2026-02-01T12:00:00
u109,s199,session_start,2026-02-01T12:00:00
u109,s199,product_view,2026-02-01T12:00:00
u109,s199,add_to_cart,2026-02-01T12:00:00
u109,s199,checkout_start,2026-02-01T12:00:00
u109,s199,purchase,2026-02-01T12:00:00
u64,s200,session_start,2026-02-01T12:00:00
u64,s200,product_view,2026-02-01T12:00:00
u64,s200,checkout_start,2026-02-01T12:00:00
u100,s201,session_start,2026-02-01T12:00:00
u100,s201,product_view,2026-02-01T12:00:00
u100,s201,add_to_cart,2026-02-01T12:00:00
u100,s201,purchase,2026-02-01T12:00:00
u82,s202,session_start,2026-02-01T12:00:00
u82,s202,product_view,2026-02-01T12:00:00
u82,s202,add_to_cart,2026-02-01T12:00:00
u82,s202,checkout_start,2026-02-01T12:00:00
u82,s202,purchase,2026-02-01T12:00:00
u60,s203,session_start,2026-02-01T12:00:00
u60,s203,product_view,2026-02-01T12:00:00
u32,s204,session_start,2026-02-01T12:00:00
u32,s204,product_view,2026-02-01T12:00:00
u46,s205,session_start,2026-02-01T12:00:00
u46,s205,product_view,2026-02-01T12:00:00
u46,s205,add_to_cart,2026-02-01T12:00:00
u46,s205,checkout_start,2026-02-01T12:00:00
u46,s205,purchase,2026-02-01T12:00:00
u122,s206,session_start,2026-02-01T12:00:00
u122,s206,product_view,2026-02-01T12:00:00
u122,s206,purchase,2026-02-01T12:00:00
u139,s207,session_start,2026-02-01T12:00:00
u139,s207,product_view,2026-02-01T12:00:00
u6,s208,session_start,2026-02-01T12:00:00
u6,s208,product_view,2026-02-01T12:00:00
u6,s208,add_to_cart,2026-02-01T12:00:00
u92,s209,session_start,2026-02-01T12:00:00
u92,s209,add_to_cart,2026-02-01T12:00:00
u92,s209,checkout_start,2026-02-01T12:00:00
u17,s210,session_start,2026-02-01T12:00:00
u17,s210,product_view,2026-02-01T12:00:00
u17,s210,add_to_cart,2026-02-01T12:00:00
u10,s211,session_start,2026-02-01T12:00:00
u10,s211,product_view,2026-02-01T12:00:00
u147,s212,session_start,2026-02-01T12:00:00
u147,s212,product_view,2026-02-01T12:00:00
u109,s213,session_start,2026-02-01T12:00:00
u109,s213,product_view,2026-02-01T12:00:00
u109,s213,checkout_start,2026-02-01T12:00:00
u90,s214,session_start,2026-02-01T12:00:00
u90,s214,product_view,2026-02-01T12:00:00
u90,s214,add_to_cart,2026-02-01T12:00:00
u90,s214,checkout_start,2026-02-01T12:00:00
u90,s214,purchase,2026-02-01T12:00:00
u21,s215,session_start,2026-02-01T12:00:00
u21,s215,product_view,2026-02-01T12:00:00
u91,s216,session_start,2026-02-01T12:00:00
u91,s216,product_view,2026-02-01T12:00:00
u91,s216,checkout_start,2026-02-01T12:00:00
u5,s217,session_start,2026-02-01T12:00:00
u5,s217,add_to_cart,2026-02-01T12:00:00
u115,s218,session_start,2026-02-01T12:00:00
u115,s218,product_view,2026-02-01T12:00:00
u115,s218,add_to_cart,2026-02-01T12:00:00
u115,s218,checkout_start,2026-02-01T12:00:00
u128,s219,session_start,2026-02-01T12:00:00
u128,s219,product_view,2026-02-01T12:00:00
u128,s219,checkout_start,2026-02-01T12:00:00
u128,s219,purchase,2026-02-01T12:00:00
u119,s220,session_start,2026-02-01T12:00:00
u119,s220,product_view,2026-02-01T12:00:00
u119,s220,add_to_cart,2026-02-01T12:00:00
u119,s220,checkout_start,2026-02-01T12:00:00
u30,s221,session_start,2026-02-01T12:00:00
u30,s221,product_view,2026-02-01T12:00:00
u30,s221,add_to_cart,2026-02-01T12:00:00
u30,s221,purchase,2026-02-01T12:00:00
u21,s222,session_start,2026-02-01T12:00:00
u21,s222,product_view,2026-02-01T12:00:00
u21,s222,add_to_cart,2026-02-01T12:00:00
u21,s222,checkout_start,2026-02-01T12:00:00
u117,s223,session_start,2026-02-01T12:00:00
u117,s223,product_view,2026-02-01T12:00:00
u117,s223,add_to_cart,2026-02-01T12:00:00
u81,s224,session_start,2026-02-01T12:00:00
u81,s224,product_view,2026-02-01T12:00:00
u5,s225,session_start,2026-02-01T12:00:00
u5,s225,add_to_cart,2026-02-01T12:00:00
u135,s226,session_start,2026-02-01T12:00:00
u135,s226,product_view,2026-02-01T12:00:00
u135,s226,add_to_cart,2026-02-01T12:00:00
u135,s226,checkout_start,2026-02-01T12:00:00
u112,s227,session_start,2026-02-01T12:00:00
u112,s227,product_view,2026-02-01T12:00:00
u112,s227,add_to_cart,2026-02-01T12:00:00
u103,s228,session_start,2026-02-01T12:00:00
u66,s229,session_start,2026-02-01T12:00:00
u66,s229,product_view,2026-02-01T12:00:00
u66,s229,add_to_cart,2026-02-01T12:00:00
u25,s230,session_start,2026-02-01T12:00:00
u25,s230,purchase,2026-02-01T12:00:00
u33,s231,session_start,2026-02-01T12:00:00
u33,s231,product_view,2026-02-01T12:00:00
u33,s231,add_to_cart,2026-02-01T12:00:00
u68,s232,session_start,2026-02-01T12:00:00
u68,s232,product_view,2026-02-01T12:00:00
u68,s232,add_to_cart,2026-02-01T12:00:00
u68,s232,checkout_start,2026-02-01T12:00:00
u68,s233,session_start,2026-02-01T12:00:00
u68,s233,product_view,2026-02-01T12:00:00
u64,s234,session_start,2026-02-01T12:00:00
u64,s234,product_view,2026-02-01T12:00:00
u64,s234,add_to_cart,2026-02-01T12:00:00
u14,s235,session_start,2026-02-01T12:00:00
u14,s235,product_view,2026-02-01T12:00:00
u14,s235,add_to_cart,2026-02-01T12:00:00
u14,s235,purchase,2026-02-01T12:00:00
u92,s236,session_start,2026-02-01T12:00:00
u92,s236,product_view,2026-02-01T12:00:00
u92,s236,add_to_cart,2026-02-01T12:00:00
u92,s236,purchase,2026-02-01T12:00:00
u8,s237,session_start,2026-02-01T12:00:00
u8,s237,product_view,2026-02-01T12:00:00
u124,s238,session_start,2026-02-01T12:00:00
u124,s238,product_view,2026-02-01T12:00:00
u24,s239,session_start,2026-02-01T12:00:00
u24,s239,product_view,2026-02-01T12:00:00
u24,s239,checkout_start,2026-02-01T12:00:00
u121,s240,session_start,2026-02-01T12:00:00
u121,s240,product_view,2026-02-01T12:00:00
u121,s240,add_to_cart,2026-02-01T12:00:00
u121,s240,checkout_start,2026-02-01T12:00:00
u121,s240,purchase,2026-02-01T12:00:00
u59,s241,session_start,2026-02-01T12:00:00
u59,s241,product_view,2026-02-01T12:00:00
u59,s241,checkout_start,2026-02-01T12:00:00
u125,s242,session_start,2026-02-01T12:00:00
u125,s242,product_view,2026-02-01T12:00:00
u82,s243,session_start,2026-02-01T12:00:00
u82,s243,product_view,2026-02-01T12:00:00
u86,s244,session_start,2026-02-01T12:00:00
u40,s245,session_start,2026-02-01T12:00:00
u40,s245,product_view,2026-02-01T12:00:00
u145,s246,session_start,2026-02-01T12:00:00
u145,s246,product_view,2026-02-01T12:00:00
u145,s246,add_to_cart,2026-02-01T12:00:00
u36,s247,session_start,2026-02-01T12:00:00
u36,s247,product_view,2026-02-01T12:00:00
u115,s248,session_start,2026-02-01T12:00:00
u98,s249,session_start,2026-02-01T12:00:00
u98,s249,product_view,2026-02-01T12:00:00
u98,s249,purchase,2026-02-01T12:00:00
u53,s250,session_start,2026-02-01T12:00:00
u53,s250,product_view,2026-02-01T12:00:00
u53,s250,add_to_cart,2026-02-01T12:00:00
u3,s251,session_start,2026-02-01T12:00:00
u3,s251,product_view,2026-02-01T12:00:00
u116,s252,session_start,2026-02-01T12:00:00
u116,s252,product_view,2026-02-01T12:00:00
u22,s253,session_start,2026-02-01T12:00:00
u22,s253,add_to_cart,2026-02-01T12:00:00
u22,s253,purchase,2026-02-01T12:00:00
u41,s254,session_start,2026-02-01T12:00:00
u41,s254,product_view,2026-02-01T12:00:00
u41,s254,add_to_cart,2026-02-01T12:00:00
u91,s255,session_start,2026-02-01T12:00:00
u91,s255,product_view,2026-02-01T12:00:00
u91,s255,add_to_cart,2026-02-01T12:00:00
u91,s255,purchase,2026-02-01T12:00:00
u64,s256,session_start,2026-02-01T12:00:00
u64,s256,product_view,2026-02-01T12:00:00
u64,s256,add_to_cart,2026-02-01T12:00:00
u64,s256,checkout_start,2026-02-01T12:00:00
u96,s257,session_start,2026-02-01T12:00:00
u96,s257,product_view,2026-02-01T12:00:00
u96,s257,add_to_cart,2026-02-01T12:00:00
u96,s257,purchase,2026-02-01T12:00:00
u91,s258,session_start,2026-02-01T12:00:00
u91,s258,product_view,2026-02-01T12:00:00
u91,s258,checkout_start,2026-02-01T12:00:00
u91,s258,purchase,2026-02-01T12:00:00
u51,s259,session_start,2026-02-01T12:00:00
u51,s259,add_to_cart,2026-02-01T12:00:00
u51,s259,checkout_start,2026-02-01T12:00:00
u72,s260,session_start,2026-02-01T12:00:00
u26,s261,session_start,2026-02-01T12:00:00
u26,s261,product_view,2026-02-01T12:00:00
u26,s261,add_to_cart,2026-02-01T12:00:00
u26,s261,purchase,2026-02-01T12:00:00
u2,s262,session_start,2026-02-01T12:00:00
u2,s262,product_view,2026-02-01T12:00:00
u2,s262,add_to_cart,2026-02-01T12:00:00
u2,s262,checkout_start,2026-02-01T12:00:00
u46,s263,session_start,2026-02-01T12:00:00
u46,s263,product_view,2026-02-01T12:00:00
u100,s264,session_start,2026-02-01T12:00:00
u100,s264,product_view,2026-02-01T12:00:00
u100,s264,add_to_cart,2026-02-01T12:00:00
u31,s265,session_start,2026-02-01T12:00:00
u31,s265,product_view,2026-02-01T12:00:00
u57,s266,session_start,2026-02-01T12:00:00
u131,s267,session_start,2026-02-01T12:00:00
u131,s267,product_view,2026-02-01T12:00:00
u113,s268,session_start,2026-02-01T12:00:00
u113,s268,product_view,2026-02-01T12:00:00
u113,s268,purchase,2026-02-01T12:00:00
u75,s269,session_start,2026-02-01T12:00:00
u75,s269,purchase,2026-02-01T12:00:00
u74,s270,session_start,2026-02-01T12:00:00
u74,s270,product_view,2026-02-01T12:00:00
u74,s270,purchase,2026-02-01T12:00:00
u23,s271,session_start,2026-02-01T12:00:00
u23,s271,product_view,2026-02-01T12:00:00
u23,s271,add_to_cart,2026-02-01T12:00:00
u21,s272,session_start,2026-02-01T12:00:00
u21,s272,product_view,2026-02-01T12:00:00
u21,s272,add_to_cart,2026-02-01T12:00:00
u36,s273,session_start,2026-02-01T12:00:00
u36,s273,product_view,2026-02-01T12:00:00
u139,s274,session_start,2026-02-01T12:00:00
u139,s274,product_view,2026-02-01T12:00:00
u139,s274,add_to_cart,2026-02-01T12:00:00
u44,s275,session_start,2026-02-01T12:00:00
u44,s275,product_view,2026-02-01T12:00:00
u55,s276,session_start,2026-02-01T12:00:00
u55,s276,purchase,2026-02-01T12:00:00
u137,s277,session_start,2026-02-01T12:00:00
u137,s277,product_view,2026-02-01T12:00:00
u137,s278,session_start,2026-02-01T12:00:00
u137,s278,checkout_start,2026-02-01T12:00:00
u6,s279,session_start,2026-02-01T12:00:00
u6,s279,add_to_cart,2026-02-01T12:00:00
u6,s279,checkout_start,2026-02-01T12:00:00
u65,s280,session_start,2026-02-01T12:00:00
u65,s280,product_view,2026-02-01T12:00:00
u60,s281,session_start,2026-02-01T12:00:00
u60,s281,product_view,2026-02-01T12:00:00
u60,s281,add_to_cart,2026-02-01T12:00:00
u99,s282,session_start,2026-02-01T12:00:00
u99,s282,product_view,2026-02-01T12:00:00
u99,s282,checkout_start,2026-02-01T12:00:00
u28,s283,session_start,2026-02-01T12:00:00
u28,s283,product_view,2026-02-01T12:00:00
u28,s283,add_to_cart,2026-02-01T12:00:00
u28,s283,purchase,2026-02-01T12:00:00
u118,s284,session_start,2026-02-01T12:00:00
u118,s284,product_view,2026-02-01T12:00:00
u118,s284,checkout_start,2026-02-01T12:00:00
u85,s285,session_start,2026-02-01T12:00:00
u85,s285,product_view,2026-02-01T12:00:00
u85,s285,checkout_start,2026-02-01T12:00:00
u85,s285,purchase,2026-02-01T12:00:00
u9,s286,session_start,2026-02-01T12:00:00
u9,s286,product_view,2026-02-01T12:00:00
u9,s286,purchase,2026-02-01T12:00:00
u31,s287,session_start,2026-02-01T12:00:00
u31,s287,product_view,2026-02-01T12:00:00
u31,s287,add_to_cart,2026-02-01T12:00:00
u135,s288,session_start,2026-02-01T12:00:00
u135,s288,add_to_cart,2026-02-01T12:00:00
u135,s288,checkout_start,2026-02-01T12:00:00
u42,s289,session_start,2026-02-01T12:00:00
u42,s289,product_view,2026-02-01T12:00:00
u135,s290,session_start,2026-02-01T12:00:00
u135,s290,add_to_cart,2026-02-01T12:00:00
u59,s291,session_start,2026-02-01T12:00:00
u59,s291,product_view,2026-02-01T12:00:00
u59,s291,checkout_start,2026-02-01T12:00:00
u13,s292,session_start,2026-02-01T12:00:00
u13,s292,product_view,2026-02-01T12:00:00
u13,s292,add_to_cart,2026-02-01T12:00:00
u94,s293,session_start,2026-02-01T12:00:00
u94,s293,product_view,2026-02-01T12:00:00
u94,s293,add_to_cart,2026-02-01T12:00:00
u94,s293,purchase,2026-02-01T12:00:00
u21,s294,session_start,2026-02-01T12:00:00
u21,s294,product_view,2026-02-01T12:00:00
u144,s295,session_start,2026-02-01T12:00:00
u144,s295,product_view,2026-02-01T12:00:00
u144,s295,checkout_start,2026-02-01T12:00:00
u122,s296,session_start,2026-02-01T12:00:00
u122,s296,product_view,2026-02-01T12:00:00
u122,s296,add_to_cart,2026-02-01T12:00:00
u122,s296,purchase,2026-02-01T12:00:00
u130,s297,session_start,2026-02-01T12:00:00
u130,s297,product_view,2026-02-01T12:00:00
u138,s298,session_start,2026-02-01T12:00:00
u138,s298,product_view,2026-02-01T12:00:00
u115,s299,session_start,2026-02-01T12:00:00
u115,s299,product_view,2026-02-01T12:00:00
u80,s300,session_start,2026-02-01T12:00:00
u80,s300,product_view,2026-02-01T12:00:00
u80,s300,add_to_cart,2026-02-01T12:00:00
u138,s301,session_start,2026-02-01T12:00:00
u138,s301,product_view,2026-02-01T12:00:00
u138,s301,add_to_cart,2026-02-01T12:00:00
u138,s301,checkout_start,2026-02-01T12:00:00
u138,s301,purchase,2026-02-01T12:00:00
u38,s302,session_start,2026-02-01T12:00:00
u38,s302,checkout_start,2026-02-01T12:00:00
u60,s303,session_start,2026-02-01T12:00:00
u60,s303,add_to_cart,2026-02-01T12:00:00
u79,s304,session_start,2026-02-01T12:00:00
u79,s304,product_view,2026-02-01T12:00:00
u79,s304,add_to_cart,2026-02-01T12:00:00
u59,s305,session_start,2026-02-01T12:00:00
u59,s305,product_view,2026-02-01T12:00:00
u59,s305,checkout_start,2026-02-01T12:00:00
u93,s306,session_start,2026-02-01T12:00:00
u93,s306,product_view,2026-02-01T12:00:00
u93,s306,purchase,2026-02-01T12:00:00
u135,s307,session_start,2026-02-01T12:00:00
u135,s307,product_view,2026-02-01T12:00:00
u135,s307,purchase,2026-02-01T12:00:00
u93,s308,session_start,2026-02-01T12:00:00
u93,s308,product_view,2026-02-01T12:00:00
u148,s309,session_start,2026-02-01T12:00:00
u148,s309,product_view,2026-02-01T12:00:00
u148,s309,add_to_cart,2026-02-01T12:00:00
u29,s310,session_start,2026-02-01T12:00:00
u29,s310,purchase,2026-02-01T12:00:00
u27,s311,session_start,2026-02-01T12:00:00
u27,s311,product_view,2026-02-01T12:00:00
u27,s311,add_to_cart,2026-02-01T12:00:00
u27,s311,purchase,2026-02-01T12:00:00
u150,s312,session_start,2026-02-01T12:00:00
u150,s312,product_view,2026-02-01T12:00:00
u150,s312,add_to_cart,2026-02-01T12:00:00
u150,s312,purchase,2026-02-01T12:00:00
u150,s313,session_start,2026-02-01T12:00:00
u150,s313,product_view,2026-02-01T12:00:00
u34,s314,session_start,2026-02-01T12:00:00
u34,s314,product_view,2026-02-01T12:00:00
u34,s314,add_to_cart,2026-02-01T12:00:00
u34,s314,checkout_start,2026-02-01T12:00:00
u86,s315,session_start,2026-02-01T12:00:00
u86,s315,checkout_start,2026-02-01T12:00:00
u6,s316,session_start,2026-02-01T12:00:00
u6,s316,product_view,2026-02-01T12:00:00
u6,s316,add_to_cart,2026-02-01T12:00:00
u39,s317,session_start,2026-02-01T12:00:00
u39,s317,product_view,2026-02-01T12:00:00
u39,s317,add_to_cart,2026-02-01T12:00:00
u39,s317,checkout_start,2026-02-01T12:00:00
u39,s317,purchase,2026-02-01T12:00:00
u72,s318,session_start,2026-02-01T12:00:00
u72,s318,product_view,2026-02-01T12:00:00
u72,s318,purchase,2026-02-01T12:00:00
u115,s319,session_start,2026-02-01T12:00:00
u115,s319,product_view,2026-02-01T12:00:00
u115,s319,purchase,2026-02-01T12:00:00
u143,s320,session_start,2026-02-01T12:00:00
u143,s320,product_view,2026-02-01T12:00:00
u143,s320,add_to_cart,2026-02-01T12:00:00
u76,s321,session_start,2026-02-01T12:00:00
u76,s321,product_view,2026-02-01T12:00:00
u76,s321,purchase,2026-02-01T12:00:00
u116,s322,session_start,2026-02-01T12:00:00
u116,s322,product_view,2026-02-01T12:00:00
u125,s323,session_start,2026-02-01T12:00:00
u125,s323,product_view,2026-02-01T12:00:00
u125,s323,add_to_cart,2026-02-01T12:00:00
u87,s324,session_start,2026-02-01T12:00:00
u87,s324,product_view,2026-02-01T12:00:00
u102,s325,session_start,2026-02-01T12:00:00
u102,s325,product_view,2026-02-01T12:00:00
u102,s325,add_to_cart,2026-02-01T12:00:00
u102,s325,checkout_start,2026-02-01T12:00:00
u5,s326,session_start,2026-02-01T12:00:00
u5,s326,product_view,2026-02-01T12:00:00
u5,s326,checkout_start,2026-02-01T12:00:00
u140,s327,session_start,2026-02-01T12:00:00
u140,s327,product_view,2026-02-01T12:00:00
u128,s328,session_start,2026-02-01T12:00:00
u128,s328,product_view,2026-02-01T12:00:00
u128,s328,checkout_start,2026-02-01T12:00:00
u89,s329,session_start,2026-02-01T12:00:00
u89,s329,product_view,2026-02-01T12:00:00
u89,s329,add_to_cart,2026-02-01T12:00:00
u6,s330,session_start,2026-02-01T12:00:00
u6,s330,product_view,2026-02-01T12:00:00
u6,s330,add_to_cart,2026-02-01T12:00:00
u6,s330,purchase,2026-02-01T12:00:00
u7,s331,session_start,2026-02-01T12:00:00
u7,s331,product_view,2026-02-01T12:00:00
u7,s331,add_to_cart,2026-02-01T12:00:00
u20,s332,session_start,2026-02-01T12:00:00
u20,s332,product_view,2026-02-01T12:00:00
u24,s333,session_start,2026-02-01T12:00:00
u24,s333,product_view,2026-02-01T12:00:00
u43,s334,session_start,2026-02-01T12:00:00
u43,s334,product_view,2026-02-01T12:00:00
u43,s334,add_to_cart,2026-02-01T12:00:00
u115,s335,session_start,2026-02-01T12:00:00
u115,s335,product_view,2026-02-01T12:00:00
u115,s335,add_to_cart,2026-02-01T12:00:00
u115,s335,checkout_start,2026-02-01T12:00:00
u145,s336,session_start,2026-02-01T12:00:00
u145,s336,product_view,2026-02-01T12:00:00
u48,s337,session_start,2026-02-01T12:00:00
u48,s337,product_view,2026-02-01T12:00:00
u48,s337,add_to_cart,2026-02-01T12:00:00
u48,s337,checkout_start,2026-02-01T12:00:00
u4,s338,session_start,2026-02-01T12:00:00
u4,s338,product_view,2026-02-01T12:00:00
u36,s339,session_start,2026-02-01T12:00:00
u36,s339,product_view,2026-02-01T12:00:00
u145,s340,session_start,2026-02-01T12:00:00
u145,s340,product_view,2026-02-01T12:00:00
u145,s340,add_to_cart,2026-02-01T12:00:00
u1,s341,session_start,2026-02-01T12:00:00
u1,s341,product_view,2026-02-01T12:00:00
u104,s342,session_start,2026-02-01T12:00:00
u104,s342,add_to_cart,2026-02-01T12:00:00
u13,s343,session_start,2026-02-01T12:00:00
u13,s343,product_view,2026-02-01T12:00:00
u107,s344,session_start,2026-02-01T12:00:00
u107,s344,checkout_start,2026-02-01T12:00:00
u146,s345,session_start,2026-02-01T12:00:00
u146,s345,product_view,2026-02-01T12:00:00
u146,s345,add_to_cart,2026-02-01T12:00:00
u146,s345,checkout_start,2026-02-01T12:00:00
u106,s346,session_start,2026-02-01T12:00:00
u106,s346,product_view,2026-02-01T12:00:00
u55,s347,session_start,2026-02-01T12:00:00
u55,s347,product_view,2026-02-01T12:00:00
u55,s347,add_to_cart,2026-02-01T12:00:00
u74,s348,session_start,2026-02-01T12:00:00
u74,s348,product_view,2026-02-01T12:00:00
u74,s348,add_to_cart,2026-02-01T12:00:00
u74,s348,checkout_start,2026-02-01T12:00:00
u135,s349,session_start,2026-02-01T12:00:00
u135,s349,product_view,2026-02-01T12:00:00
u135,s349,checkout_start,2026-02-01T12:00:00
u9,s350,session_start,2026-02-01T12:00:00
u9,s350,product_view,2026-02-01T12:00:00
u9,s350,checkout_start,2026-02-01T12:00:00
u9,s350,purchase,2026-02-01T12:00:00
u148,s351,session_start,2026-02-01T12:00:00
u148,s351,product_view,2026-02-01T12:00:00
u148,s351,add_to_cart,2026-02-01T12:00:00
u135,s352,session_start,2026-02-01T12:00:00
u135,s352,product_view,2026-02-01T12:00:00
u116,s353,session_start,2026-02-01T12:00:00
u116,s353,product_view,2026-02-01T12:00:00
u104,s354,session_start,2026-02-01T12:00:00
u104,s354,product_view,2026-02-01T12:00:00
u104,s354,add_to_cart,2026-02-01T12:00:00
u132,s355,session_start,2026-02-01T12:00:00
u132,s355,product_view,2026-02-01T12:00:00
u132,s355,add_to_cart,2026-02-01T12:00:00
u132,s355,checkout_start,2026-02-01T12:00:00
u88,s356,session_start,2026-02-01T12:00:00
u88,s356,add_to_cart,2026-02-01T12:00:00
u88,s356,purchase,2026-02-01T12:00:00
u34,s357,session_start,2026-02-01T12:00:00
u34,s357,product_view,2026-02-01T12:00:00
u34,s357,checkout_start,2026-02-01T12:00:00
u34,s357,purchase,2026-02-01T12:00:00
u60,s358,session_start,2026-02-01T12:00:00
u60,s358,product_view,2026-02-01T12:00:00
u60,s358,add_to_cart,2026-02-01T12:00:00
u92,s359,session_start,2026-02-01T12:00:00
u92,s359,product_view,2026-02-01T12:00:00
u92,s359,add_to_cart,2026-02-01T12:00:00
u92,s359,purchase,2026-02-01T12:00:00
u47,s360,session_start,2026-02-01T12:00:00
u47,s360,product_view,2026-02-01T12:00:00
u47,s360,add_to_cart,2026-02-01T12:00:00
u19,s361,session_start,2026-02-01T12:00:00
u19,s361,product_view,2026-02-01T12:00:00
u19,s361,checkout_start,2026-02-01T12:00:00
u66,s362,session_start,2026-02-01T12:00:00
u66,s362,product_view,2026-02-01T12:00:00
u80,s363,session_start,2026-02-01T12:00:00
u80,s363,product_view,2026-02-01T12:00:00
u80,s363,add_to_cart,2026-02-01T12:00:00
u80,s363,checkout_start,2026-02-01T12:00:00
u104,s364,session_start,2026-02-01T12:00:00
u104,s364,add_to_cart,2026-02-01T12:00:00
u148,s365,session_start,2026-02-01T12:00:00
u148,s365,product_view,2026-02-01T12:00:00
u148,s365,add_to_cart,2026-02-01T12:00:00
u148,s365,purchase,2026-02-01T12:00:00
u90,s366,session_start,2026-02-01T12:00:00
u90,s366,product_view,2026-02-01T12:00:00
u90,s366,checkout_start,2026-02-01T12:00:00
u98,s367,session_start,2026-02-01T12:00:00
u98,s367,product_view,2026-02-01T12:00:00
u69,s368,session_start,2026-02-01T12:00:00
u69,s368,product_view,2026-02-01T12:00:00
u69,s368,add_to_cart,2026-02-01T12:00:00
u3,s369,session_start,2026-02-01T12:00:00
u3,s369,product_view,2026-02-01T12:00:00
u3,s369,checkout_start,2026-02-01T12:00:00
u6,s370,session_start,2026-02-01T12:00:00
u6,s370,product_view,2026-02-01T12:00:00
u6,s370,checkout_start,2026-02-01T12:00:00
u28,s371,session_start,2026-02-01T12:00:00
u28,s371,product_view,2026-02-01T12:00:00
u131,s372,session_start,2026-02-01T12:00:00
u131,s372,product_view,2026-02-01T12:00:00
u139,s373,session_start,2026-02-01T12:00:00
u139,s373,product_view,2026-02-01T12:00:00
u14,s374,session_start,2026-02-01T12:00:00
u14,s374,product_view,2026-02-01T12:00:00
u14,s374,add_to_cart,2026-02-01T12:00:00
u82,s375,session_start,2026-02-01T12:00:00
u82,s375,product_view,2026-02-01T12:00:00
u82,s375,add_to_cart,2026-02-01T12:00:00
u82,s375,checkout_start,2026-02-01T12:00:00
u19,s376,session_start,2026-02-01T12:00:00
u19,s376,product_view,2026-02-01T12:00:00
u143,s377,session_start,2026-02-01T12:00:00
u143,s377,product_view,2026-02-01T12:00:00
u143,s377,checkout_start,2026-02-01T12:00:00
u62,s378,session_start,2026-02-01T12:00:00
u62,s378,product_view,2026-02-01T12:00:00
u62,s378,add_to_cart,2026-02-01T12:00:00
u62,s378,checkout_start,2026-02-01T12:00:00
u11,s379,session_start,2026-02-01T12:00:00
u11,s379,product_view,2026-02-01T12:00:00
u11,s379,add_to_cart,2026-02-01T12:00:00
u11,s379,purchase,2026-02-01T12:00:00
u19,s380,session_start,2026-02-01T12:00:00
u19,s380,product_view,2026-02-01T12:00:00
u19,s380,checkout_start,2026-02-01T12:00:00
u43,s381,session_start,2026-02-01T12:00:00
u43,s381,product_view,2026-02-01T12:00:00
u72,s382,session_start,2026-02-01T12:00:00
u72,s382,product_view,2026-02-01T12:00:00
u72,s382,add_to_cart,2026-02-01T12:00:00
u1,s383,session_start,2026-02-01T12:00:00
u1,s384,session_start,2026-02-01T12:00:00
u1,s384,product_view,2026-02-01T12:00:00
u1,s384,purchase,2026-02-01T12:00:00
u107,s385,session_start,2026-02-01T12:00:00
u107,s385,add_to_cart,2026-02-01T12:00:00
u107,s385,checkout_start,2026-02-01T12:00:00
u112,s386,session_start,2026-02-01T12:00:00
u112,s386,product_view,2026-02-01T12:00:00
u112,s386,add_to_cart,2026-02-01T12:00:00
u112,s386,checkout_start,2026-02-01T12:00:00
u112,s386,purchase,2026-02-01T12:00:00
u42,s387,session_start,2026-02-01T12:00:00
u42,s387,checkout_start,2026-02-01T12:00:00
u42,s387,purchase,2026-02-01T12:00:00
u17,s388,session_start,2026-02-01T12:00:00
u17,s388,add_to_cart,2026-02-01T12:00:00
u35,s389,session_start,2026-02-01T12:00:00
u35,s389,product_view,2026-02-01T12:00:00
u43,s390,session_start,2026-02-01T12:00:00
u43,s390,product_view,2026-02-01T12:00:00
u113,s391,session_start,2026-02-01T12:00:00
u113,s391,product_view,2026-02-01T12:00:00
u113,s391,checkout_start,2026-02-01T12:00:00
u94,s392,session_start,2026-02-01T12:00:00
u94,s392,purchase,2026-02-01T12:00:00
u62,s393,session_start,2026-02-01T12:00:00
u62,s393,product_view,2026-02-01T12:00:00
u62,s393,add_to_cart,2026-02-01T12:00:00
u38,s394,session_start,2026-02-01T12:00:00
u38,s394,product_view,2026-02-01T12:00:00
u38,s394,checkout_start,2026-02-01T12:00:00
u128,s395,session_start,2026-02-01T12:00:00
u128,s395,product_view,2026-02-01T12:00:00
u10,s396,session_start,2026-02-01T12:00:00
u10,s396,product_view,2026-02-01T12:00:00
u9,s397,session_start,2026-02-01T12:00:00
u9,s397,product_view,2026-02-01T12:00:00
u123,s398,session_start,2026-02-01T12:00:00
u123,s398,product_view,2026-02-01T12:00:00
u111,s399,session_start,2026-02-01T12:00:00
u111,s399,add_to_cart,2026-02-01T12:00:00
u111,s399,checkout_start,2026-02-01T12:00:00
u60,s400,session_start,2026-02-01T12:00:00
u60,s400,product_view,2026-02-01T12:00:00
